,username,text,date
0,lpevii,"Congrat @elonmusk for buying #Twitter #TwitterTakeover 

#bnbchain #meme #elonmusk #dogecoin #tesla https://t.co/gRGbM0c5nA",2022-04-28 21:35:14+00:00
1,scorpiotiger77,"People forget, Elon is a bear trapping genius. 

He is in the process of trapping all the bears.

ğŸ”¥ğŸ§¸ğŸ”¥

$TSLA #Tesla",2022-04-28 21:34:46+00:00
2,pilootdotcom,"Once upon a time, windmills did not produce any electricity. #tesla #modely #teslamodely #holland #windmills #netherlands #teslafan https://t.co/vnbC01oPz5",2022-04-28 21:34:04+00:00
3,jimmyhieudo,"He had his #Tesla Model X equipped with hand controls and the falcon doors makes it easy to load and unload his chair. 

This warms my soul. â¤ï¸â€ğŸ”¥ https://t.co/Nt9Tp4MsLE",2022-04-28 21:32:38+00:00
4,Ali_TeslaMY,"@chelseasireno is writing a childrenâ€™s book about Tesla. More people should give her a follow. 

#Tesla $TSLA",2022-04-28 21:32:37+00:00
5,AsqlanLiaqat,"Hey, Boss @elonmask,
What's next to Twitter?

I created this ğŸ¥°fan artğŸ˜ while waiting for @Companions_NFT to be released.

@onlysenna_ is back and $SOLA (ERC20) is comingğŸ¥³
We are ready to ğŸš€ğŸš€ğŸš€ğŸŒ›ğŸŒ›ğŸ¥®

Hope you can enjoy â¬‡ï¸â¬‡ï¸ ğŸ˜ƒğŸ˜ŠğŸ¥°
#Tesla
@the_solaverse 
#NFTCommunity 
#fanart https://t.co/wZBoWe90HR",2022-04-28 21:32:14+00:00
6,cgduke2,@garyblack00 @elonmusk Someone should relay that info to #Tesla stock,2022-04-28 21:32:09+00:00
7,JefferyHartma16,The most important thing you can do is have a skill that no one else has and be the best at it! It will buy you a nice #Tesla and a nice #pad Plus it will buy #Elonmusk a nice mattress to sleep on in his office!! ğŸ˜œ I'm loving #Twitter ...now!,2022-04-28 21:31:31+00:00
8,Lord_Bush1776,I can't wait for all those used Teslas to hit the market. Thanks @elonmusk #Tesla,2022-04-28 21:31:21+00:00
9,fullbeavermoon,ğŸ”¥ğŸ”¥ğŸ”¥ğŸ”¥ğŸ”¥ğŸ”¥ğŸ”¥ğŸ”¥ğŸ”¥ğŸ”¥ğŸ”¥ğŸ”¥ğŸ”¥   READ THIS AND RETWEET THE SHIT OUT OF IT!!!!!! #AMC #AMCAPES #AMCSqueeze #AMCNEVERLEAVING #AMCTheatres #AMCSqueeze #GMESQUEEZE #GME #Tesla #teslastock https://t.co/JRt0DvLqUr,2022-04-28 21:30:56+00:00
10,ozgreg68,"#maketwitterfunagain with Martha @elonmusk ğŸ¤£ğŸ¤£
We already pack her stuffs and wait for your #tesla to picked up her ğŸš—

#NFTCommunity #SpaceX #ElonMusk #NFT #NFTdrops #Ethereum #PolygonNFT https://t.co/f5D4Ia1ZuK",2022-04-28 21:30:37+00:00
11,AyoolaSaheed16,Zap #EVs #Tesla #ModelY #Model3 #ElonMusk lives humanity https://t.co/gNds6MRdZw,2022-04-28 21:30:36+00:00
12,SellTesla,"New Listing: Model 3 Jul 2018 Long Range RWD White with HW-3.0, Enhanced Autopilot, Full Self Driving, driven 31920 miles, located in CA, asking price of $46990. Great Price!
#tesla #model3 #sellmyusedtesla https://t.co/UwA9zbNU2e https://t.co/HR1J2jF52H",2022-04-28 21:30:19+00:00
13,MBrae3,"$TSLA winnings of initial #BTC investmentğŸ™Œ

$187608729 (13.9 %) (Realized: 272 M)
(Estimating an average buy price of $35000/BTC with now 38,700 BTC holdings $BTCUSD)
#Tesla #Bitcoin #crypto",2022-04-28 21:30:05+00:00
14,DjibrilHouka,#Quavo cruising in his #Tesla on autopilot ğŸ https://t.co/Lkn46m3zFs,2022-04-28 21:29:22+00:00
15,StudioEmersion,"@elonmusk please hire great designers. #Tesla are great but cars look like a Priusâ€¦ I want a premium design ! (Audi,â€¦)",2022-04-28 21:28:39+00:00
16,GreenPeaches2,"@duty2warn How eco-friendly is a #Tesla/#electricvehicles, if it causes rampant, spreading, guaranteed #drought? https://t.co/7LThw4bnu6",2022-04-28 21:28:08+00:00
17,turpen_branden,ğŸ”¥ğŸ”¥ğŸ”¥ğŸ”¥ğŸ”¥ğŸ”¥ğŸ”¥ğŸ”¥ğŸ”¥ğŸ”¥ğŸ”¥ğŸ”¥ğŸ”¥   READ THIS AND RETWEET THE SHIT OUT OF IT!!!!!! #AMC #AMCAPES #AMCSqueeze #AMCNEVERLEAVING #AMCTheatres #AMCSqueeze #GMESQUEEZE #GME #Tesla #teslastock https://t.co/JRt0DvLqUr,2022-04-28 21:27:53+00:00
18,cyber_art13,"@elonmusk I'm not hinting at anything.
@Twitter @CocaCola Or just $50,000 to my wallet?

#Tesla #opensea #NFTCommunity #Binance #meta",2022-04-28 21:27:50+00:00
19,demer_land,#Quavo cruising in his #Tesla on autopilot ğŸ https://t.co/Lkn46m3zFs,2022-04-28 21:27:49+00:00
20,spcefinance,Insane how the Autosteer detects cars far away in the rain. Visually cant see nothing. Cameras reach very far. Good job @elonmusk  and @tesla FSD #tesla #ElonMusk #TSLA #thursdayvibes #FuelShortageKE #365daysThisDay #ThatThatFeatSUGA https://t.co/xluoACJdWD,2022-04-28 21:27:47+00:00
21,FawekunLekan,"Elon buying twitter and letting the tweets free! ğŸ•Š

$TSLA #Tesla 

https://t.co/jAO072KaR6",2022-04-28 21:27:33+00:00
22,joelarra47,Fuck this stock market and fuck biden/harris...all of the fuckin gains #tesla made in the last couple of hrs has been fucking erased...anyone have anything to say about this??? #teslastock,2022-04-28 21:27:15+00:00
23,1LoafOfMeat,@elonmusk @CocaCola You haven't mentioned #Tesla in a week.,2022-04-28 21:26:25+00:00
24,pmagn,Zap #EVs #Tesla #ModelY #Model3 #ElonMusk lives humanity https://t.co/gNds6MRdZw,2022-04-28 21:26:22+00:00
25,Forbes_MENA_,"An American Civil Liberties Union executive testified in Amber Heard-#JohnnyDepp defamation trial that he believes #Tesla CEO #ElonMusk paid a portion of the $3.5 million the actress promised the organization.

#Forbes 

ğŸ”— https://t.co/6npwrUVJnQ https://t.co/GPlt6UCtb5",2022-04-28 21:25:59+00:00
26,CryptoooIvy,"I just really love how this #shibainu looks. Perhaps a #doge would fit better but hey, well done @Shibaclubnft !
#SHIBARMY #ShibaDoge #Tesla #ElonMusk #Crypto #NFTs #NFTCommunity https://t.co/eumehtgcME",2022-04-28 21:25:51+00:00
27,IsacNew55009285,"@elonmusk Here is  a slogan for Bill. â€œThy shall never short #Tesla again.â€
I agree that for a self-proclaimed #EnvironmentalJustice leader his actions are incongruent with his message. He should be helping and supporting companies like #Tesla, not wishing and pfofiting from their demise.",2022-04-28 21:25:04+00:00
28,KhuongN85382509,ğŸ”¥ğŸ”¥ğŸ”¥ğŸ”¥ğŸ”¥ğŸ”¥ğŸ”¥ğŸ”¥ğŸ”¥ğŸ”¥ğŸ”¥ğŸ”¥ğŸ”¥   READ THIS AND RETWEET THE SHIT OUT OF IT!!!!!! #AMC #AMCAPES #AMCSqueeze #AMCNEVERLEAVING #AMCTheatres #AMCSqueeze #GMESQUEEZE #GME #Tesla #teslastock https://t.co/JRt0DvLqUr,2022-04-28 21:24:35+00:00
29,theincomeblog,"For Tesla Model 3 V Style Sport Carbon Fiber Trunk Lid Spoiler Wing US STOCK - https://t.co/2WzvBTutZ8

#Tesla #ElonMusk #TeslaModel3 #TeslaModelX #TeslaPlaid
https://t.co/YTbTN1KWTS",2022-04-28 21:24:28+00:00
30,rohamaher,"@elonmusk Can you please fix @Tesla deliveries first?
#Tesla",2022-04-28 21:24:15+00:00
31,JenniferFonter3,@elonmusk Still waiting for my #Tesla,2022-04-28 21:24:03+00:00
32,TeslaNewsDaily,How Much It Costs To Charge A Tesla Model S And Model S Plaid - Screen Rant https://t.co/Wa5zMuVNcg #Tesla #ElonMusk,2022-04-28 21:24:00+00:00
33,lilimontu,"Elon buying twitter and letting the tweets free! ğŸ•Š

$TSLA #Tesla 

https://t.co/jAO072KaR6",2022-04-28 21:23:27+00:00
34,shahparism,â€œNikola Teslaâ€ coming to my expressionist collection on @opensea â¬‡ï¸ Stay tuned ğŸ‘€ #nftcollectors #NFTartists #NFTCommunity #Tesla https://t.co/lj9dTxCy9q,2022-04-28 21:23:04+00:00
35,kingmoe1971,ğŸ”¥ğŸ”¥ğŸ”¥ğŸ”¥ğŸ”¥ğŸ”¥ğŸ”¥ğŸ”¥ğŸ”¥ğŸ”¥ğŸ”¥ğŸ”¥ğŸ”¥   READ THIS AND RETWEET THE SHIT OUT OF IT!!!!!! #AMC #AMCAPES #AMCSqueeze #AMCNEVERLEAVING #AMCTheatres #AMCSqueeze #GMESQUEEZE #GME #Tesla #teslastock https://t.co/JRt0DvLqUr,2022-04-28 21:22:31+00:00
36,CottingThiago,"Hey, Boss @elonmask,
What's next to Twitter?

I created this ğŸ¥°fan artğŸ˜ while waiting for @Companions_NFT to be released.

@onlysenna_ is back and $SOLA (ERC20) is comingğŸ¥³
We are ready to ğŸš€ğŸš€ğŸš€ğŸŒ›ğŸŒ›ğŸ¥®

Hope you can enjoy â¬‡ï¸â¬‡ï¸ ğŸ˜ƒğŸ˜ŠğŸ¥°
#Tesla
@the_solaverse 
#NFTCommunity 
#fanart https://t.co/wZBoWe90HR",2022-04-28 21:22:31+00:00
37,sinankardes89,"Hey, Boss @elonmask,
What's next to Twitter?

I created this ğŸ¥°fan artğŸ˜ while waiting for @Companions_NFT to be released.

@onlysenna_ is back and $SOLA (ERC20) is comingğŸ¥³
We are ready to ğŸš€ğŸš€ğŸš€ğŸŒ›ğŸŒ›ğŸ¥®

Hope you can enjoy â¬‡ï¸â¬‡ï¸ ğŸ˜ƒğŸ˜ŠğŸ¥°
#Tesla
@the_solaverse 
#NFTCommunity 
#fanart https://t.co/wZBoWe90HR",2022-04-28 21:22:12+00:00
38,Anthropologies,"He had his #Tesla Model X equipped with hand controls and the falcon doors makes it easy to load and unload his chair. 

This warms my soul. â¤ï¸â€ğŸ”¥ https://t.co/Nt9Tp4MsLE",2022-04-28 21:22:11+00:00
39,101_sco,"What!!! Did #ElonMusk just change the colour of the like button to purple, why? #Tesla #Twitter #Like",2022-04-28 21:22:10+00:00
40,DemApples00,"#BitcoinÂ ğŸš€ğŸŒ˜

FUK OFF ALREADY DIRTY CORRUPT WALL STREET 

#BitcoinÂ why is Wall Street controlling? 

 MANIPULATION 
#BitcoinÂ #Apple #ADA #XRP  #cryptocurrency #Blockchain #Grayscale #LTC #DOGE #Dogecoin #litecoin #BCH #Polkadot #ElonMusk   #Paypal #ETH #Tesla #Twitter #fidelity https://t.co/IrzGXPWDTk",2022-04-28 21:22:08+00:00
41,LisaWiktor,"@duty2warn How eco-friendly is a #Tesla/#electricvehicles, if it causes rampant, spreading, guaranteed #drought? https://t.co/7LThw4bnu6",2022-04-28 21:21:26+00:00
42,daulton_polis,#Quavo cruising in his #Tesla on autopilot ğŸ https://t.co/Lkn46m3zFs,2022-04-28 21:21:25+00:00
43,SaiTeja359,".@jayleno has plenty of nice things to say about #Tesla and @elonmusk in this short clip from his #ModelY video.

â€œAnyone who can build a rocket in their back yard and send it into space... when they tell you theyâ€™re gonna make something, you better take them seriously!â€ https://t.co/UhD4dpygi5",2022-04-28 21:21:08+00:00
44,iamhamzaaziz,"Elon buying twitter and letting the tweets free! ğŸ•Š

$TSLA #Tesla 

https://t.co/jAO072KaR6",2022-04-28 21:21:02+00:00
45,Anderso75599069,"Hey, Boss @elonmask,
What's next to Twitter?

I created this ğŸ¥°fan artğŸ˜ while waiting for @Companions_NFT to be released.

@onlysenna_ is back and $SOLA (ERC20) is comingğŸ¥³
We are ready to ğŸš€ğŸš€ğŸš€ğŸŒ›ğŸŒ›ğŸ¥®

Hope you can enjoy â¬‡ï¸â¬‡ï¸ ğŸ˜ƒğŸ˜ŠğŸ¥°
#Tesla
@the_solaverse 
#NFTCommunity 
#fanart https://t.co/wZBoWe90HR",2022-04-28 21:20:50+00:00
46,LordBenAriel,"@nerdswire Could Elon Musk be a thief? Elon Musk why don't you pay my share?
#ElonMusk #Tesla #Texas #USA #Warriors #CIA #FBI #AttorneyJobs #FoxNews #ABC #CNBC #Warzone #WarCrime @elonmusk @ABC @WhiteHouse @FBI
https://t.co/NCsve1y7gd",2022-04-28 21:20:47+00:00
47,progfunfoam,LOL. So accurate... I feel this way too @elonmusk  $TSLA $TWTR #twitter #Tesla https://t.co/cOkEE9Hk9b,2022-04-28 21:20:46+00:00
48,EmpleosTripalis,"We are now 20k Squids! ğŸ¥³

A journey of a thousand miles begins with a single step! Thank you for the support!

ğŸGiveaway 1 x NFT &amp; 1 SOL to 2 lucky winner

â™¥ RT &amp; Tag your gang!

Public mint only on 17 May
 
72 hrs!

#NFT #NFTCommunity #Bitcoin #Tesla #ETH #SOL https://t.co/tmYIOKh69V",2022-04-28 21:20:35+00:00
49,sarah35051,"He had his #Tesla Model X equipped with hand controls and the falcon doors makes it easy to load and unload his chair. 

This warms my soul. â¤ï¸â€ğŸ”¥ https://t.co/Nt9Tp4MsLE",2022-04-28 21:20:28+00:00
50,LordBenAriel,"@nerdswire Could Elon Musk be a thief? Elon Musk why don't you pay my share?
#ElonMusk #Tesla #Texas #USA #Warriors #CIA #FBI #AttorneyJobs #FoxNews #ABC #CNBC #Warzone #WarCrime @elonmusk @ABC @WhiteHouse @FBI
https://t.co/NCsve1y7gd",2022-04-28 21:20:26+00:00
51,LordBenAriel,"@foreignersinTW Could Elon Musk be a thief? Elon Musk why don't you pay my share?
#ElonMusk #Tesla #Texas #USA #Warriors #CIA #FBI #AttorneyJobs #FoxNews #ABC #CNBC #Warzone #WarCrime @elonmusk @ABC @WhiteHouse @FBI
https://t.co/NCsve1y7gd",2022-04-28 21:20:20+00:00
52,LordBenAriel,"@BravoLover_ Could Elon Musk be a thief? Elon Musk why don't you pay my share?
#ElonMusk #Tesla #Texas #USA #Warriors #CIA #FBI #AttorneyJobs #FoxNews #ABC #CNBC #Warzone #WarCrime @elonmusk @ABC @WhiteHouse @FBI
https://t.co/NCsve1y7gd",2022-04-28 21:19:49+00:00
53,therealcataleya,I am back! #viral #tesla #ElonMusk @elonmusk you are a gamechanger!,2022-04-28 21:19:35+00:00
54,MzunguVikingo,"@MzunguVikingo @ElonGoatToken @AltcoinGordon @APompliano @elonmusk An AMAZING gift for the Greatest Of All Time!

It's getting so close to be delivered to #Tesla. We hope you like it @elonmusk ğŸ˜Š

@ElonGoatToken https://t.co/daW3Qe2A8w",2022-04-28 21:18:59+00:00
55,jeremyh44077456,ğŸ”¥ğŸ”¥ğŸ”¥ğŸ”¥ğŸ”¥ğŸ”¥ğŸ”¥ğŸ”¥ğŸ”¥ğŸ”¥ğŸ”¥ğŸ”¥ğŸ”¥   READ THIS AND RETWEET THE SHIT OUT OF IT!!!!!! #AMC #AMCAPES #AMCSqueeze #AMCNEVERLEAVING #AMCTheatres #AMCSqueeze #GMESQUEEZE #GME #Tesla #teslastock https://t.co/JRt0DvLqUr,2022-04-28 21:18:56+00:00
56,ld_toff,"People forget, Elon is a bear trapping genius. 

He is in the process of trapping all the bears.

ğŸ”¥ğŸ§¸ğŸ”¥

$TSLA #Tesla",2022-04-28 21:18:52+00:00
57,glamama,â¦Donâ€™t bet against â¦@elonmuskâ© and $TSLA. Keep falling baby and I will keep buying. #Tesla #Elon #Musk #USA #1A #stocks #market https://t.co/4grtGLO7CU,2022-04-28 21:18:38+00:00
58,whitewaterxx,Sorryâ€¦ but #Optimism #Tesla Deep sorry https://t.co/w52uqQoefX @Qualcomm https://t.co/SRaO1F9Xb1,2022-04-28 21:18:21+00:00
59,226266bamboo,"ğŸš¨NEW VIDEO COMING SOONğŸš¨

SANDY...@DirtyTesLa...and a Model X

#MunroLive #Tesla #ModelX #TeardownTitan https://t.co/jHwaqfKTHg",2022-04-28 21:18:12+00:00
60,TeigeRoe,"If I say you can drive a #Tesla from NY to LA on a single charge, and you say impossible, too many barriers. Prove Me Wrong.",2022-04-28 21:17:58+00:00
61,kirillklip,"TNR Gold NPR Royalty On Batidero I And II: ""Josemaria Receives Approval For Environmental Social Impact Assessment"" https://t.co/PGX0e7BcnE

$TRRXF #TNRGoldğŸ”‹ $TNR.v #Royaltiesâš¡ï¸ #Copper #Gold #Silver #Josemaria #Lundin #Mining #EVs #Tesla #Green #Energy #rEVolution $GDX $GDXJ https://t.co/3LWBDDwuTm",2022-04-28 21:17:51+00:00
62,kirillklip,"TNR Gold says Elon Musk is catalyst for partial Ganfeng's Mariana Lithium royalty sale https://t.co/plYzJx635j via @YouTube

#TNRGoldğŸ”‹ $TNR.v â˜€ï¸ $TRRXF ğŸ”Œ #Royalties âš¡ï¸ #MarianaLIthium #Ganfeng $GNENF #Lithium #Batteries #EVs #ElectricCars #Tesla #VW #BMW #BYD $LIT $BATT $GDXJ",2022-04-28 21:17:48+00:00
63,AaronStaples,"Thinking,...?  Maybe that their get back at @elonmusk  Is to have big share holders in #tesla sell there shares.  And that's why Bill gates has a Put option. On  tesla stock going down. ?!?",2022-04-28 21:17:46+00:00
64,spcefinance,Driving home @tesla Thanks @elonmusk  #tesla #FYP #viral #ThatThat #SUGA #cryptocurrency #Thursday https://t.co/NNVtxLKjRH,2022-04-28 21:17:42+00:00
65,iksoch,Despite the increase in Interest rates housing market in #Texas are crazy high so as in #crypto #omax is making noise by bringing Fastest Blockchain ever #investing #blockchain #Tesla headquarters are already here urging @elonmusk to shift Twitter here as well,2022-04-28 21:17:37+00:00
66,finteched,"Next Iâ€™m buying @elonmuskâ€¦ ğŸ¤·â€â™‚ï¸ 

#NFTCommunity #dogecoin #tesla",2022-04-28 21:17:28+00:00
67,DowInvestor,ğŸ”¥ğŸ”¥ğŸ”¥ğŸ”¥ğŸ”¥ğŸ”¥ğŸ”¥ğŸ”¥ğŸ”¥ğŸ”¥ğŸ”¥ğŸ”¥ğŸ”¥   READ THIS AND RETWEET THE SHIT OUT OF IT!!!!!! #AMC #AMCAPES #AMCSqueeze #AMCNEVERLEAVING #AMCTheatres #AMCSqueeze #GMESQUEEZE #GME #Tesla #teslastock https://t.co/JRt0DvLqUr,2022-04-28 21:17:21+00:00
68,joelarra47,I'm really sick and tired of the shit that's happening with #Tesla stock wowwww!!!,2022-04-28 21:17:12+00:00
69,GabriusMaximus,ğŸ”¥ğŸ”¥ğŸ”¥ğŸ”¥ğŸ”¥ğŸ”¥ğŸ”¥ğŸ”¥ğŸ”¥ğŸ”¥ğŸ”¥ğŸ”¥ğŸ”¥   READ THIS AND RETWEET THE SHIT OUT OF IT!!!!!! #AMC #AMCAPES #AMCSqueeze #AMCNEVERLEAVING #AMCTheatres #AMCSqueeze #GMESQUEEZE #GME #Tesla #teslastock https://t.co/JRt0DvLqUr,2022-04-28 21:16:49+00:00
70,WeAteAllTheDodo,"@duty2warn How eco-friendly is a #Tesla/#electricvehicles, if it causes rampant, spreading, guaranteed #drought? https://t.co/7LThw4bnu6",2022-04-28 21:16:48+00:00
71,fpsmac2121,ğŸ”¥ğŸ”¥ğŸ”¥ğŸ”¥ğŸ”¥ğŸ”¥ğŸ”¥ğŸ”¥ğŸ”¥ğŸ”¥ğŸ”¥ğŸ”¥ğŸ”¥   READ THIS AND RETWEET THE SHIT OUT OF IT!!!!!! #AMC #AMCAPES #AMCSqueeze #AMCNEVERLEAVING #AMCTheatres #AMCSqueeze #GMESQUEEZE #GME #Tesla #teslastock https://t.co/JRt0DvLqUr,2022-04-28 21:16:41+00:00
72,jekkydoank864,"Hey, Boss @elonmask,
What's next to Twitter?

I created this ğŸ¥°fan artğŸ˜ while waiting for @Companions_NFT to be released.

@onlysenna_ is back and $SOLA (ERC20) is comingğŸ¥³
We are ready to ğŸš€ğŸš€ğŸš€ğŸŒ›ğŸŒ›ğŸ¥®

Hope you can enjoy â¬‡ï¸â¬‡ï¸ ğŸ˜ƒğŸ˜ŠğŸ¥°
#Tesla
@the_solaverse 
#NFTCommunity 
#fanart https://t.co/wZBoWe90HR",2022-04-28 21:16:18+00:00
73,BugblatterMusk,"Hi @elonmusk, we could really do with another multi-billion dollar #BTC purchase by #Tesla right about now. Thank you! ğŸ¦„",2022-04-28 21:15:27+00:00
74,DelTheDayTrader,"How are you doing @CyberDog2  ? are you buying against $TLSA because suits are saying it? Let's totally disregard a freaking 2-2 bearish rev NASTY shooting on Weekly ! 

""#Tesla and the story of SUITS"" https://t.co/U60Jr9TG0L",2022-04-28 21:15:25+00:00
75,beccamarrow8,"He had his #Tesla Model X equipped with hand controls and the falcon doors makes it easy to load and unload his chair. 

This warms my soul. â¤ï¸â€ğŸ”¥ https://t.co/Nt9Tp4MsLE",2022-04-28 21:14:55+00:00
76,AtiaAbawi,"In 2008 #Musk was begging #USGov official for millions in low cost loans for #Tesla.
In 2021 #Musk was the worldâ€™s richest man thanks in part to those low cost loans. 
Thatâ€™s what changed. https://t.co/0IC4FA1sjZ",2022-04-28 21:14:50+00:00
77,LordBenAriel,"Government U.S. - EU - CH
Demand my wealth!
#WhiteHouse #CIA #FBI #CDU #AKParti #ElonMusk #Tesla #MERCEDES #Turkey #Germany #USA #Warzone #WarCrime #MyLove #lordbenariel @welt @RTLFrance @SkyNews @uzancc @ABC @WhiteHouse @Don_Promilloo @MercedesBenz @Tesla https://t.co/lSggL1UtTf",2022-04-28 21:14:17+00:00
78,BullBeatsBear1,"@MzunguVikingo @ElonGoatToken @AltcoinGordon @APompliano @elonmusk An AMAZING gift for the Greatest Of All Time!

It's getting so close to be delivered to #Tesla. We hope you like it @elonmusk ğŸ˜Š

@ElonGoatToken https://t.co/daW3Qe2A8w",2022-04-28 21:14:14+00:00
79,Bag10562109,"Hey, Boss @elonmask,
What's next to Twitter?

I created this ğŸ¥°fan artğŸ˜ while waiting for @Companions_NFT to be released.

@onlysenna_ is back and $SOLA (ERC20) is comingğŸ¥³
We are ready to ğŸš€ğŸš€ğŸš€ğŸŒ›ğŸŒ›ğŸ¥®

Hope you can enjoy â¬‡ï¸â¬‡ï¸ ğŸ˜ƒğŸ˜ŠğŸ¥°
#Tesla
@the_solaverse 
#NFTCommunity 
#fanart https://t.co/wZBoWe90HR",2022-04-28 21:14:12+00:00
80,LordBenAriel,"Could Elon Musk be a thief? Elon Musk why don't you pay my share?
#ElonMusk #Tesla #Texas #USA #Warriors #CIA #FBI #AttorneyJobs #FoxNews #ABC #CNBC #Warzone #WarCrime @elonmusk @ABC @WhiteHouse @FBI
https://t.co/NCsve1y7gd",2022-04-28 21:13:54+00:00
81,AMD__C,ğŸ”¥ğŸ”¥ğŸ”¥ğŸ”¥ğŸ”¥ğŸ”¥ğŸ”¥ğŸ”¥ğŸ”¥ğŸ”¥ğŸ”¥ğŸ”¥ğŸ”¥   READ THIS AND RETWEET THE SHIT OUT OF IT!!!!!! #AMC #AMCAPES #AMCSqueeze #AMCNEVERLEAVING #AMCTheatres #AMCSqueeze #GMESQUEEZE #GME #Tesla #teslastock https://t.co/JRt0DvLqUr,2022-04-28 21:13:53+00:00
82,LordBenAriel,"FIGHT MAFIA WATCH FULLY TO UNDERSTAND

https://t.co/wxK8KylN4x

#WhiteHouse #CIA #FBI #CDU #AKParti #ElonMusk #Tesla #MERCEDES #Turkey #Germany #USA #Warzone #WarCrime #WARINUKRAINE #mylove @welt @RTLFrance @SkyNews @uzancc @ABC @WhiteHouse @Don_Promilloo @MercedesBenz",2022-04-28 21:13:45+00:00
83,LordBenAriel,"They kept me quite, state security was their excuse! Enough!

#EnoughIsEnough #USA #WhiteHouse #GOP #Warzone
#CDU #CSU #SPD #AFD #Linke #Gruenen #FDP #CHP #AKParti #Erdogan #WarCrime #mercedesbenz #Tesla #Bundestag #CIA #FBI #mylove @welt @RTLFrance @SkyNews @uzancc @c_lindner",2022-04-28 21:13:34+00:00
84,netkatmeow,"He had his #Tesla Model X equipped with hand controls and the falcon doors makes it easy to load and unload his chair. 

This warms my soul. â¤ï¸â€ğŸ”¥ https://t.co/Nt9Tp4MsLE",2022-04-28 21:13:24+00:00
85,MarissaMcB210,"âœ¨@BabylonBee posts video making fun of overtly sensitive #Twitter employees. Twitter slaps video with â€œSensitive Content Warningâ€¦â€

âœ¨Letâ€™s just zoom out and think about this for a momentâ€¦..

#ElonMusk #TwitterBan #censorship #twittersold #FreeSpeech #biden #meme #tesla #$TWTR https://t.co/H7qWYMTonY",2022-04-28 21:12:57+00:00
86,danielhuaa,"Just waiting on $TSLA to announce their beginning production of the Cybertruck and Tesla Semi. 

#Tesla #cybertruck #cyberrodeo #ev #ElonMusk",2022-04-28 21:12:45+00:00
87,Tommyf902,Have anyone try to do a Group Watch on Disney+ from the Tesla to another Tesla? #DisneyPlus #Tesla,2022-04-28 21:12:11+00:00
88,Mariorafaelop,"Hey, Boss @elonmask,
What's next to Twitter?

I created this ğŸ¥°fan artğŸ˜ while waiting for @Companions_NFT to be released.

@onlysenna_ is back and $SOLA (ERC20) is comingğŸ¥³
We are ready to ğŸš€ğŸš€ğŸš€ğŸŒ›ğŸŒ›ğŸ¥®

Hope you can enjoy â¬‡ï¸â¬‡ï¸ ğŸ˜ƒğŸ˜ŠğŸ¥°
#Tesla
@the_solaverse 
#NFTCommunity 
#fanart https://t.co/wZBoWe90HR",2022-04-28 21:11:32+00:00
89,ConormPowell,"In 2008 #Musk was begging #USGov official for millions in low cost loans for #Tesla.
In 2021 #Musk was the worldâ€™s richest man thanks in part to those low cost loans. 
Thatâ€™s what changed. https://t.co/0IC4FA1sjZ",2022-04-28 21:11:20+00:00
90,Ramazan_ber,"Hi @elonmusk #Tesla what are you thinking about model Y with 6 seats? 
Will it be possible?",2022-04-28 21:11:19+00:00
91,TeslaradarB,"Stellar! snow just spotted a 2021 Tesla Model 3 ğŸ‡ºğŸ‡¸ Performance for the very first time in Texas, United States! ğŸ‡ºğŸ‡¸ #TeslaRadar #Tesla #UnitedStates #Model3 #Performance",2022-04-28 21:11:15+00:00
92,TeslaradarB,"Kazaam! snow was first to spot a 2021 Tesla Model Y ğŸ‡ºğŸ‡¸ Standard in Texas, United States! ğŸ‡ºğŸ‡¸ #TeslaRadar #Tesla #UnitedStates #ModelY",2022-04-28 21:11:15+00:00
93,TeslaradarB,"Aight! snow just spotted a 2018 Tesla Model 3 ğŸ‡ºğŸ‡¸ Standard for the very first time in Texas, United States! ğŸ‡ºğŸ‡¸ #TeslaRadar #Tesla #UnitedStates #Model3",2022-04-28 21:11:15+00:00
94,Sovann80,ğŸ”¥ğŸ”¥ğŸ”¥ğŸ”¥ğŸ”¥ğŸ”¥ğŸ”¥ğŸ”¥ğŸ”¥ğŸ”¥ğŸ”¥ğŸ”¥ğŸ”¥   READ THIS AND RETWEET THE SHIT OUT OF IT!!!!!! #AMC #AMCAPES #AMCSqueeze #AMCNEVERLEAVING #AMCTheatres #AMCSqueeze #GMESQUEEZE #GME #Tesla #teslastock https://t.co/JRt0DvLqUr,2022-04-28 21:11:15+00:00
95,TeslaradarB,"Right on! snow just spotted a 2018 Tesla Model 3 ğŸ‡ºğŸ‡¸ Dual Motor for the very first time in Texas, United States! ğŸ‡ºğŸ‡¸ #TeslaRadar #Tesla #UnitedStates #Model3",2022-04-28 21:11:15+00:00
96,TeslaradarB,"Like a boss! snow just spotted a 2022 Tesla Model S ğŸ‡ºğŸ‡¸ P2 Dual Motor in Texas, United States ğŸ‡ºğŸ‡¸ before anyone else did! #TeslaRadar #Tesla #UnitedStates #ModelS",2022-04-28 21:11:14+00:00
97,TeslaradarB,"Hooray! snow was first to spot a 2021 Tesla Model Y ğŸ‡ºğŸ‡¸ Standard in Texas, United States! ğŸ‡ºğŸ‡¸ #TeslaRadar #Tesla #UnitedStates #ModelY",2022-04-28 21:11:14+00:00
98,TeslaradarB,"Hooray! snow just spotted a 2018 Tesla Model 3 ğŸ‡ºğŸ‡¸ Dual Motor for the very first time in Texas, United States! ğŸ‡ºğŸ‡¸ #TeslaRadar #Tesla #UnitedStates #Model3",2022-04-28 21:11:14+00:00
99,TeslaradarB,"Smooth! snow just spotted a 2021 Tesla Model Y ğŸ‡ºğŸ‡¸ Dual Motor for the very first time in Texas, United States! ğŸ‡ºğŸ‡¸ #TeslaRadar #Tesla #UnitedStates #ModelY",2022-04-28 21:11:13+00:00
100,TeslaradarB,"Shazaam! snow just spotted a 2020 Tesla Model 3 ğŸ‡ºğŸ‡¸ Dual Motor in Texas, United States ğŸ‡ºğŸ‡¸ before anyone else did! #TeslaRadar #Tesla #UnitedStates #Model3",2022-04-28 21:11:13+00:00
101,TeslaradarB,"Cowabunga! snow nailed it by spotting a 2021 Tesla Model Y ğŸ‡ºğŸ‡¸ Performance in Texas, United States ğŸ‡ºğŸ‡¸ as the first player! #TeslaRadar #Tesla #UnitedStates #ModelY #Performance",2022-04-28 21:11:13+00:00
102,TeslaradarB,"Whee! snow just spotted a 2020 Tesla Model 3 ğŸ‡ºğŸ‡¸ Performance for the very first time in Texas, United States! ğŸ‡ºğŸ‡¸ #TeslaRadar #Tesla #UnitedStates #Model3 #Performance",2022-04-28 21:11:13+00:00
103,TeslaradarB,"Kaboom! snow just spotted a 2020 Tesla Model Y ğŸ‡ºğŸ‡¸ Dual Motor in Texas, United States ğŸ‡ºğŸ‡¸ before anyone else did! #TeslaRadar #Tesla #UnitedStates #ModelY",2022-04-28 21:11:12+00:00
104,TeslaradarB,"Woo-hoo! snow nailed it by spotting a 2020 Tesla Model 3 ğŸ‡ºğŸ‡¸ Dual Motor in Texas, United States ğŸ‡ºğŸ‡¸ as the first player! #TeslaRadar #Tesla #UnitedStates #Model3",2022-04-28 21:11:12+00:00
105,TeslaradarB,"Shazaam! Someone just spotted a 2019 Tesla Model 3 ğŸ‡ºğŸ‡¸ Standard for the very first time in Colorado, United States! ğŸ‡ºğŸ‡¸ #TeslaRadar #Tesla #UnitedStates #Model3",2022-04-28 21:11:12+00:00
106,TeslaradarB,"Marvelous! Someone nailed it by spotting a 2022 Tesla Model 3 ğŸ‡ºğŸ‡¸ Standard in Colorado, United States ğŸ‡ºğŸ‡¸ as the first player! #TeslaRadar #Tesla #UnitedStates #Model3",2022-04-28 21:11:11+00:00
107,ShannonMib,ğŸ”¥ğŸ”¥ğŸ”¥ğŸ”¥ğŸ”¥ğŸ”¥ğŸ”¥ğŸ”¥ğŸ”¥ğŸ”¥ğŸ”¥ğŸ”¥ğŸ”¥   READ THIS AND RETWEET THE SHIT OUT OF IT!!!!!! #AMC #AMCAPES #AMCSqueeze #AMCNEVERLEAVING #AMCTheatres #AMCSqueeze #GMESQUEEZE #GME #Tesla #teslastock https://t.co/JRt0DvLqUr,2022-04-28 21:10:23+00:00
108,haiyay,Calculating how much leverage and cash you need for shorting a stock. #Tesla edition  https://t.co/4KFK6vjPKM,2022-04-28 21:10:13+00:00
109,jfx_watchdog,@elonmusk buy Manchester United #ElonMusk #ManchesterUnited #Tesla #SpaceX https://t.co/D8ZOgWCVbS,2022-04-28 21:10:05+00:00
110,pdfkungfoo,@matthew_d_green Why? Because you hope to love your next non-#Tesla #EV even more?,2022-04-28 21:08:48+00:00
111,Davis_404,"It's simple. When #ElonMusk drops a right wing tweet threatening Twitter, #Tesla stock drops. I keep track.
Dim arses Trumptweet to cheer Musk on, but they're too poor to own his stock. 
Stockholders are afraid of what he'll offhandedly reveal any second.
https://t.co/lk2BMydSqc",2022-04-28 21:08:44+00:00
112,Shoaib02733702,"@elonmusk is a good version of Thanos.
Snap and wipe out the bots.

#ElonMuskTwitter #tesla #SpaceX #openai #Neuralink #elon #twitter 
#MEMES #Crypto https://t.co/0wqV3lQVCB",2022-04-28 21:08:40+00:00
113,New_tank_Animal,#Quavo cruising in his #Tesla on autopilot ğŸ https://t.co/Lkn46m3zFs,2022-04-28 21:08:17+00:00
114,EbtToken,"@dogecoin Want to be friends?

#Tesla #wearenotascam #ElonMusk #ElonMuskBuyTwitter #EBTtoken #shiba #dogecoin",2022-04-28 21:07:45+00:00
115,Holly80745311,"Elon buying twitter and letting the tweets free! ğŸ•Š

$TSLA #Tesla 

https://t.co/jAO072KaR6",2022-04-28 21:07:13+00:00
116,Wineguy_69,"Wonder if Anti-EV people realize they look like the toothless hillbilly on a horse who was shaking his fist at the Model Ts flying past him 100 years ago. Only now the Model Ts have been replaced with Models 
S 3 X Y.
#electricvehicles are here to stay! #ev @elonmusk #Tesla",2022-04-28 21:07:11+00:00
117,sabret_34,@elonmusk Hey Elon Musk do something tonight wake us up in the morning with the joy of living I'm so unhappy I just want to die #dogecoin #ElonMusk #BTC #Binance #Tesla #NASA #twitter,2022-04-28 21:06:47+00:00
118,danielhuaa,"Whoâ€™s not getting destroyed in this market? 

#tesla $tsla $nvda $amd $roku $nflx $amzn $shop",2022-04-28 21:06:30+00:00
119,realEndlssPlaid,"News Europe 27ğŸ‡ªğŸ‡º March/Q1
March: 
-#Tesla M3ğŸ¥‡best selling car overall 
-MY recordğŸ¥‰place overall
-Tesla outsold Dacia, Citroen, Fiat, Nissan
-M3+MY clearly lead BEVs

Q1/22: Tesla market share of 2.1%, vol +89% vs market -11% hit by war 

Jato 04/28

@SawyerMerritt @TroyTeslike https://t.co/9kloEhVIjW",2022-04-28 21:06:04+00:00
120,Harderthan4hrs,Does any libtard wanna sell their tesla to me for cheap ? #tesla,2022-04-28 21:06:04+00:00
121,teslavangelist,Ford CEO Jim Farley: â€œTesla is way in front!â€ âš¡ï¸ğŸ $F $TSLA #Tesla #EV https://t.co/HmTgNyGuUJ,2022-04-28 21:05:54+00:00
122,shiplesandbits,@binance #ElonMusk #Tesla #DogelonMars canâ€™t wait so I can buy a Tesla ğŸš€ğŸš€ğŸš€ğŸš€ğŸš€,2022-04-28 21:05:45+00:00
123,jay69039170,ğŸ”¥ğŸ”¥ğŸ”¥ğŸ”¥ğŸ”¥ğŸ”¥ğŸ”¥ğŸ”¥ğŸ”¥ğŸ”¥ğŸ”¥ğŸ”¥ğŸ”¥   READ THIS AND RETWEET THE SHIT OUT OF IT!!!!!! #AMC #AMCAPES #AMCSqueeze #AMCNEVERLEAVING #AMCTheatres #AMCSqueeze #GMESQUEEZE #GME #Tesla #teslastock https://t.co/JRt0DvLqUr,2022-04-28 21:05:38+00:00
124,YCBDSFairfield,@elonmusk pictured here are several things we should hold close to our hearts. #God #USA #innovation #Tesla #cannabis https://t.co/XsDV9fFy4t,2022-04-28 21:05:28+00:00
125,IvanGarci4,"Hi @elonmusk. My new track called Travelling to Mars ğŸ‘‹ğŸ‰.
#Mars #travel #Tesla #Starlink
https://t.co/yWzrVx1kjP",2022-04-28 21:05:21+00:00
126,TNR_Gold,"TNR Gold NPR Royalty On Batidero I And II: ""Josemaria Receives Approval For Environmental Social Impact Assessment"" https://t.co/PGX0e7BcnE

$TRRXF #TNRGoldğŸ”‹ $TNR.v #Royaltiesâš¡ï¸ #Copper #Gold #Silver #Josemaria #Lundin #Mining #EVs #Tesla #Green #Energy #rEVolution $GDX $GDXJ https://t.co/3LWBDDwuTm",2022-04-28 21:05:18+00:00
127,xavierg0nzalez,"Hey @elonmusk. 

Here's a deal. 

Tweet out ""FACT: Joe Biden is the legitimate winner of the 2020 election and is the duly elected President of the United States.""

If you do, I'll buy a #Tesla.",2022-04-28 21:04:47+00:00
128,SunnySideUpJaBo,We are almost to 600 backers. Who will help us reach that goal today? Come join the team at Boston Metaphysical Society today. #steampunk #graphicnovel #KickstarterReads #Boston #Tesla https://t.co/fkP0QvDW0R https://t.co/igZ78c3QV2,2022-04-28 21:04:32+00:00
129,RiddledRobots,Back on Twitter thanks to @elonmusk ! And to celebrateâ€¦. I have me a #Tesla #modelx #plaid on the way! https://t.co/OrMNZTlTgZ,2022-04-28 21:04:23+00:00
130,leebandoni,once @elonmusk secures the @CocaCola deal he needs to re-engineer the iconic Yo-Yo with kinetic power string to generate green power on the go #CocaCola #Tesla #twit https://t.co/oyHAyyBsvc,2022-04-28 21:04:04+00:00
131,KimStephensTX,ğŸ”¥ğŸ”¥ğŸ”¥ğŸ”¥ğŸ”¥ğŸ”¥ğŸ”¥ğŸ”¥ğŸ”¥ğŸ”¥ğŸ”¥ğŸ”¥ğŸ”¥   READ THIS AND RETWEET THE SHIT OUT OF IT!!!!!! #AMC #AMCAPES #AMCSqueeze #AMCNEVERLEAVING #AMCTheatres #AMCSqueeze #GMESQUEEZE #GME #Tesla #teslastock https://t.co/JRt0DvLqUr,2022-04-28 21:03:51+00:00
132,TNR_Gold,"TNR Gold says Elon Musk is catalyst for partial Ganfeng's Mariana Lithium royalty sale https://t.co/plYzJx635j via @YouTube

#TNRGoldğŸ”‹ $TNR.v â˜€ï¸ $TRRXF ğŸ”Œ #Royalties âš¡ï¸ #MarianaLIthium #Ganfeng $GNENF #Lithium #Batteries #EVs #ElectricCars #Tesla #VW #BMW #BYD $LIT $BATT $GDXJ",2022-04-28 21:03:40+00:00
133,sabret_34,@elonmusk Hey Elon Musk do something tonight wake us up in the morning with the joy of living I'm so unhappy I just want to die #dogecoin #ElonMusk #BTC #Binance #Tesla #NASA #twitter,2022-04-28 21:03:24+00:00
134,JohnRudowPhoto,"Hey there.  

How do you like your Tesla?

You are saving the world!

You also helped @ElonMusk buy Twitter!

Thank you!

#Tesla #EV #ElectricVehicle",2022-04-28 21:03:24+00:00
135,dirac7,"He had his #Tesla Model X equipped with hand controls and the falcon doors makes it easy to load and unload his chair. 

This warms my soul. â¤ï¸â€ğŸ”¥ https://t.co/Nt9Tp4MsLE",2022-04-28 21:03:15+00:00
136,3thman_105,"#Tesla or #Lamborghini ... or both? ğŸ‘€

Get the chance to participate in a raffle to win either one. Doxxed team - real utility - strong community.

Join the caravan. ğŸª

#NFTProject #NFTCommunity #NFTGiveaway",2022-04-28 21:02:58+00:00
137,superchargefeed,"#tesla #supercharger in Phelan, CA, USA has a permit application with 8 stalls (250 kW) https://t.co/3Sk5KZdFyW",2022-04-28 21:02:31+00:00
138,FinTaxBot,"#StockMarket insanity: #Twitter, soon to be loaded with debut is up, but #Tesla, which just days ago announced huge profits is way down. ğŸ™ƒ",2022-04-28 21:01:52+00:00
139,DavidAlanCoia,"#StockMarket insanity: #Twitter, soon to be loaded with debut is up, but #Tesla, which just days ago announced huge profits is way down. ğŸ™ƒ",2022-04-28 21:01:46+00:00
140,StevenRobles28,"Elon buying twitter and letting the tweets free! ğŸ•Š

$TSLA #Tesla 

https://t.co/jAO072KaR6",2022-04-28 21:01:44+00:00
141,poder2344,"Hey, Boss @elonmask,
What's next to Twitter?

I created this ğŸ¥°fan artğŸ˜ while waiting for @Companions_NFT to be released.

@onlysenna_ is back and $SOLA (ERC20) is comingğŸ¥³
We are ready to ğŸš€ğŸš€ğŸš€ğŸŒ›ğŸŒ›ğŸ¥®

Hope you can enjoy â¬‡ï¸â¬‡ï¸ ğŸ˜ƒğŸ˜ŠğŸ¥°
#Tesla
@the_solaverse 
#NFTCommunity 
#fanart https://t.co/wZBoWe90HR",2022-04-28 21:00:53+00:00
142,deeclarea17,"OpinionğŸ’­by Roger L. Simon

Two and a half cheers for @ElonMusk! Why only two and a half?

Well, there is that matter of the #Tesla factory in #Chinaâ€¦ still, give the man his due. Becoming a hero of freedom may encourage him to go further yet. https://t.co/cUH9OnJYlV",2022-04-28 21:00:23+00:00
143,JLFernandez01,"OpinionğŸ’­by Roger L. Simon

Two and a half cheers for @ElonMusk! Why only two and a half?

Well, there is that matter of the #Tesla factory in #Chinaâ€¦ still, give the man his due. Becoming a hero of freedom may encourage him to go further yet. https://t.co/cUH9OnJYlV",2022-04-28 21:00:18+00:00
144,daglioglu_m,"Hey, Boss @elonmask,
What's next to Twitter?

I created this ğŸ¥°fan artğŸ˜ while waiting for @Companions_NFT to be released.

@onlysenna_ is back and $SOLA (ERC20) is comingğŸ¥³
We are ready to ğŸš€ğŸš€ğŸš€ğŸŒ›ğŸŒ›ğŸ¥®

Hope you can enjoy â¬‡ï¸â¬‡ï¸ ğŸ˜ƒğŸ˜ŠğŸ¥°
#Tesla
@the_solaverse 
#NFTCommunity 
#fanart https://t.co/wZBoWe90HR",2022-04-28 21:00:11+00:00
145,allyssa_schimke,"Elon buying twitter and letting the tweets free! ğŸ•Š

$TSLA #Tesla 

https://t.co/jAO072KaR6",2022-04-28 21:00:09+00:00
146,huahongbing,"@elonmusk is building his empire. Starlink project, Tesla and now #Twitter. Is Elon Musk an alien?
#ElonMuskBuyTwitter  #UkraineWar #Russia #marketing #Free #FreedomOfSpeech #Tesla  #stock  #Cryptos #satellite https://t.co/TNhyQ6U1pE",2022-04-28 21:00:00+00:00
147,xavieratech,"@elonmusk @elonmusk change the DP bro wants to see Smiley's face after buying twitter ğŸ™‚ 

#xts $xts #Tesla #dogecoin #ElonMusk",2022-04-28 20:59:42+00:00
148,Redeeme68382703,ğŸ”¥ğŸ”¥ğŸ”¥ğŸ”¥ğŸ”¥ğŸ”¥ğŸ”¥ğŸ”¥ğŸ”¥ğŸ”¥ğŸ”¥ğŸ”¥ğŸ”¥   READ THIS AND RETWEET THE SHIT OUT OF IT!!!!!! #AMC #AMCAPES #AMCSqueeze #AMCNEVERLEAVING #AMCTheatres #AMCSqueeze #GMESQUEEZE #GME #Tesla #teslastock https://t.co/JRt0DvLqUr,2022-04-28 20:59:35+00:00
149,TeslaHourly,Current #Tesla Price: $866.00 ğŸ“‰ âš¡ğŸš—ğŸ”‹,2022-04-28 20:59:20+00:00
150,paul_mctigue_,"Is that...you know...in some serious tailoring? Shocking. 
#elonmusk #tesla #freespeech #twitter #sartorial #menswear #style #elegance #liberty https://t.co/ojbh4Dkb1l",2022-04-28 20:59:19+00:00
151,Brown_OrangeRd,ğŸ”¥ğŸ”¥ğŸ”¥ğŸ”¥ğŸ”¥ğŸ”¥ğŸ”¥ğŸ”¥ğŸ”¥ğŸ”¥ğŸ”¥ğŸ”¥ğŸ”¥   READ THIS AND RETWEET THE SHIT OUT OF IT!!!!!! #AMC #AMCAPES #AMCSqueeze #AMCNEVERLEAVING #AMCTheatres #AMCSqueeze #GMESQUEEZE #GME #Tesla #teslastock https://t.co/JRt0DvLqUr,2022-04-28 20:59:08+00:00
152,AirdropBD11,"Hey, Boss @elonmask,
What's next to Twitter?

I created this ğŸ¥°fan artğŸ˜ while waiting for @Companions_NFT to be released.

@onlysenna_ is back and $SOLA (ERC20) is comingğŸ¥³
We are ready to ğŸš€ğŸš€ğŸš€ğŸŒ›ğŸŒ›ğŸ¥®

Hope you can enjoy â¬‡ï¸â¬‡ï¸ ğŸ˜ƒğŸ˜ŠğŸ¥°
#Tesla
@the_solaverse 
#NFTCommunity 
#fanart https://t.co/wZBoWe90HR",2022-04-28 20:59:00+00:00
153,DixiKloos,Ford CEO Jim Farley: â€œTesla is way in front!â€ âš¡ï¸ğŸ $F $TSLA #Tesla #EV https://t.co/HmTgNyGuUJ,2022-04-28 20:59:00+00:00
154,SupplyChainBlog,#ElonMusk #Tesla #TeslaMotors #SpaceX #Innovation #artificialIntelligence #solarcity Best Elon Musk Quotes https://t.co/bbHeEGrURZ https://t.co/ERizXxfced,2022-04-28 20:58:50+00:00
155,ElonMuskGalaxy,".@elonmusk INTRODUCED @Tesla First Flying Vehicle! #ElonMusk #Tesla #teslastock 
https://t.co/nFPfk1ZGYt",2022-04-28 20:58:46+00:00
156,AntonyCoe,"#Tesla Instead of talking about FSD, Cybertruck, 460 Batteries, Semi, Solar, Robotaxi etc. Everyone is talking about #Twitter and @elonmusk involvement in it. WTF https://t.co/eG42i56Sjc",2022-04-28 20:58:10+00:00
157,JeanneOyang,"Elon buying twitter and letting the tweets free! ğŸ•Š

$TSLA #Tesla 

https://t.co/jAO072KaR6",2022-04-28 20:58:10+00:00
158,pabloyaael,#Quavo cruising in his #Tesla on autopilot ğŸ https://t.co/Lkn46m3zFs,2022-04-28 20:58:09+00:00
159,Robcampy88,"Hey, Boss @elonmask,
What's next to Twitter?

I created this ğŸ¥°fan artğŸ˜ while waiting for @Companions_NFT to be released.

@onlysenna_ is back and $SOLA (ERC20) is comingğŸ¥³
We are ready to ğŸš€ğŸš€ğŸš€ğŸŒ›ğŸŒ›ğŸ¥®

Hope you can enjoy â¬‡ï¸â¬‡ï¸ ğŸ˜ƒğŸ˜ŠğŸ¥°
#Tesla
@the_solaverse 
#NFTCommunity 
#fanart https://t.co/wZBoWe90HR",2022-04-28 20:57:46+00:00
160,ImperialLuis1,Ford CEO Jim Farley: â€œTesla is way in front!â€ âš¡ï¸ğŸ $F $TSLA #Tesla #EV https://t.co/HmTgNyGuUJ,2022-04-28 20:57:41+00:00
161,gnosticone,So youâ€™re telling me thereâ€™s a chanceâ€¦ #Tesla #TSLA #ElonMusk #model3 #funny https://t.co/aGivJ4MzPt,2022-04-28 20:57:31+00:00
162,haventypeswords,"Don't put a tape desk in a Tesla.
The possibilities of #virtualproduction are exciting, however adoption can be challenging. Our very own Julie McDonald shares her thought's on workflows + ability to scale in the #cloud 
ğŸ‘‰https://t.co/z17RxM1pw3

#rendering #Filmmaking #Tesla https://t.co/KXullKHPHP",2022-04-28 20:56:24+00:00
163,zombiebaza,Retweet if you think @elonmusk should send Bill Gates a pair of Tesla short shorts for shorting $TSLA. #Tesla #BillGates $TSLA https://t.co/rPiLS7tdCQ,2022-04-28 20:56:17+00:00
164,therealgodot,"The ""WEN TESLA RAFFLE"" of #LaunchpadGold will be handled via a new partnership with @AutoworldCJ that will help us deliver the #Tesla prize straight to the winner at EOS. 

This is amazing news powered by @ElrondNetwork @UTRUST . 

#ElrondNetwork #FlightPass #ElrondNFT #NFT https://t.co/SKI1Cizf9s",2022-04-28 20:55:37+00:00
165,SageAdviceShop,We are almost to 600 backers. Who will help us reach that goal today? Come join the team at Boston Metaphysical Society today. #steampunk #graphicnovel #KickstarterReads #Boston #Tesla https://t.co/fkP0QvDW0R https://t.co/igZ78c3QV2,2022-04-28 20:55:37+00:00
166,MHollyRosing,We are almost to 600 backers. Who will help us reach that goal today? Come join the team at Boston Metaphysical Society today. #steampunk #graphicnovel #KickstarterReads #Boston #Tesla https://t.co/fkP0QvDW0R https://t.co/igZ78c3QV2,2022-04-28 20:55:15+00:00
167,noramronquillo,"Elon buying twitter and letting the tweets free! ğŸ•Š

$TSLA #Tesla 

https://t.co/jAO072KaR6",2022-04-28 20:55:14+00:00
168,TeslaTroopers,"Come on #ElonMusk, that's messed up.. All I did was ask about when my #Tesla was gonna get delivered. ğŸ˜­ğŸ˜­ https://t.co/f3dmGHgpbk",2022-04-28 20:55:06+00:00
169,CrimsonMoney99,ğŸ”¥ğŸ”¥ğŸ”¥ğŸ”¥ğŸ”¥ğŸ”¥ğŸ”¥ğŸ”¥ğŸ”¥ğŸ”¥ğŸ”¥ğŸ”¥ğŸ”¥   READ THIS AND RETWEET THE SHIT OUT OF IT!!!!!! #AMC #AMCAPES #AMCSqueeze #AMCNEVERLEAVING #AMCTheatres #AMCSqueeze #GMESQUEEZE #GME #Tesla #teslastock https://t.co/JRt0DvLqUr,2022-04-28 20:54:48+00:00
170,WisconsinJim2,"#Tesla stock is down 20% in the last month and it's still grossly overvalued. Sell now, before you take a bath!",2022-04-28 20:54:44+00:00
171,Koolconceptz77,@elonmusk @BillyM2k I believe in Doing Only Good Everyday. Or trying to at least. And #doge and #tesla are awesome. https://t.co/HEfaSfpvpE,2022-04-28 20:54:31+00:00
172,DutchieHuigens,"Catching up on Billions, Season 6, because I'm learning how to investğŸ˜œ

What does the Billionaire drive?  A Model S.  Couldn't see if there was a plaid badge...

#Tesla ğŸ˜ƒ",2022-04-28 20:54:08+00:00
173,Johni_Singha,Ford CEO Jim Farley: â€œTesla is way in front!â€ âš¡ï¸ğŸ $F $TSLA #Tesla #EV https://t.co/HmTgNyGuUJ,2022-04-28 20:54:01+00:00
174,NekkidSoles,"Added note: We have a #tesla battery wall on our solar powered home and our internet is powered by #Starlink. @elonmusk is practically family. We should have a ""Sponsored by:"" sign at our front gate.",2022-04-28 20:53:56+00:00
175,TommySa16138516,ğŸ”¥ğŸ”¥ğŸ”¥ğŸ”¥ğŸ”¥ğŸ”¥ğŸ”¥ğŸ”¥ğŸ”¥ğŸ”¥ğŸ”¥ğŸ”¥ğŸ”¥   READ THIS AND RETWEET THE SHIT OUT OF IT!!!!!! #AMC #AMCAPES #AMCSqueeze #AMCNEVERLEAVING #AMCTheatres #AMCSqueeze #GMESQUEEZE #GME #Tesla #teslastock https://t.co/JRt0DvLqUr,2022-04-28 20:53:38+00:00
176,picknavawinwin_,"Congrat @elonmusk for buying #Twitter #TwitterTakeover 

#bnbchain #meme #elonmusk #dogecoin #tesla https://t.co/gRGbM0c5nA",2022-04-28 20:53:27+00:00
177,smokymtndrms,ğŸ”¥ğŸ”¥ğŸ”¥ğŸ”¥ğŸ”¥ğŸ”¥ğŸ”¥ğŸ”¥ğŸ”¥ğŸ”¥ğŸ”¥ğŸ”¥ğŸ”¥   READ THIS AND RETWEET THE SHIT OUT OF IT!!!!!! #AMC #AMCAPES #AMCSqueeze #AMCNEVERLEAVING #AMCTheatres #AMCSqueeze #GMESQUEEZE #GME #Tesla #teslastock https://t.co/JRt0DvLqUr,2022-04-28 20:53:26+00:00
178,JulieHarris05,"I can't wait to buy me a #Tesla, it will be my next car. I've been driving a PriusV for 9 years.... I got to sell more #SolarSystems",2022-04-28 20:53:19+00:00
179,VanWACitizen,"Wonder if Anti-EV people realize they look like the toothless hillbilly on a horse who was shaking his fist at the Model Ts flying past him 100 years ago. Only now the Model Ts have been replaced with Models 
S 3 X Y.
#electricvehicles are here to stay! #ev @elonmusk #Tesla",2022-04-28 20:53:18+00:00
180,andydubick,"Talking to my uncle, ELON MUSK #bringonthetrolls #Comedy #Funny #ImKidding #Tesla #SpaceX https://t.co/wQxZzsiJnH https://t.co/5Fyq5xueWx",2022-04-28 20:53:16+00:00
181,JonSnow67482899,Ford CEO Jim Farley: â€œTesla is way in front!â€ âš¡ï¸ğŸ $F $TSLA #Tesla #EV https://t.co/HmTgNyGuUJ,2022-04-28 20:53:12+00:00
182,latestphad,"When I do buy an electric car, I want one made by a @UAW employee, so no #Tesla for me",2022-04-28 20:53:05+00:00
183,IfCircus,â€œNikola Teslaâ€ coming to my expressionist collection on @opensea â¬‡ï¸ Stay tuned ğŸ‘€ #nftcollectors #NFTartists #NFTCommunity #Tesla https://t.co/lj9dTxCy9q,2022-04-28 20:53:05+00:00
184,OrbitHigher,"News Europe 27ğŸ‡ªğŸ‡º March/Q1
March: 
-#Tesla M3ğŸ¥‡best selling car overall 
-MY recordğŸ¥‰place overall
-Tesla outsold Dacia, Citroen, Fiat, Nissan
-M3+MY clearly lead BEVs

Q1/22: Tesla market share of 2.1%, vol +89% vs market -11% hit by war 

Jato 04/28

@SawyerMerritt @TroyTeslike https://t.co/9kloEhVIjW",2022-04-28 20:52:52+00:00
185,versuzseen,"I wasn't asking you for a #relationship sir @elonmusk I was asking you your #name #ElonMusk in relation to your #company #Tesla #SpaceX #NASA #Address #phone related to your company, Sir so I could list you as my personal and professional reference on my job application.",2022-04-28 20:52:26+00:00
186,xavieratech,"@elonmusk change the DP bro wants to see Smiley's face after buying twitter ğŸ™‚ 

#xts $xts #Tesla #dogecoin #ElonMusk",2022-04-28 20:52:24+00:00
187,mdsiaofficial,@TitterTakeover @Jason As #tesla going down.,2022-04-28 20:52:22+00:00
188,MarinCristina91,"ğŸ”¥Canâ€™t wait to hand out these prizesğŸ”¥

#800 NFTâ€™s to go!

#passiveincome #EGLD #EGLDGiveaway #Tesla #iPhone13ProMax #PlayStation5 #Maiar #NFTGiveaway #NFTGiveaways https://t.co/iZ6dcQ0eZP",2022-04-28 20:51:51+00:00
189,theBigRedJackal,"Wonder if Anti-EV people realize they look like the toothless hillbilly on a horse who was shaking his fist at the Model Ts flying past him 100 years ago. Only now the Model Ts have been replaced with Models 
S 3 X Y.
#electricvehicles are here to stay! #ev @elonmusk #Tesla",2022-04-28 20:51:48+00:00
190,WhiteHaz3,@elinashatkin will you trade me a #Tesla ? #viral #viralpost #Trade #tradefortesla #ElonMusk #SpaceX https://t.co/UeiQ8QsXba,2022-04-28 20:51:37+00:00
191,Rabbitturd1,"If we set up a turbine to spin every time the national debt clock went up  it would power every #tesla n the world. 
Just a thought #ElonMusk #gas",2022-04-28 20:51:33+00:00
192,intermarum,"We have our very own Tesla at Workshop Simulator! ğŸ¤ª
#ElonMusk #Tesla #DIY #invention #workshop 

Check out Workshop Simulator on:
ğŸ› ï¸ Steam: https://t.co/eTsqJmJ7fX
ğŸ› ï¸ GOG: https://t.co/nJLtnur9m8 https://t.co/N3wzKghC8K",2022-04-28 20:51:06+00:00
193,AerialEng,"News Europe 27ğŸ‡ªğŸ‡º March/Q1
March: 
-#Tesla M3ğŸ¥‡best selling car overall 
-MY recordğŸ¥‰place overall
-Tesla outsold Dacia, Citroen, Fiat, Nissan
-M3+MY clearly lead BEVs

Q1/22: Tesla market share of 2.1%, vol +89% vs market -11% hit by war 

Jato 04/28

@SawyerMerritt @TroyTeslike https://t.co/9kloEhVIjW",2022-04-28 20:50:59+00:00
194,Gabriel74242121,"ğŸBuy WEB3COIN IDO to Win a Tesla Model Y and $20,000 in WEB3COIN Token

â°Promotion Period: 2022-04-17 00:00 AM to 2022-04-30 11:59 PM (UTC)

ğŸ‘‰ Buy Now:https://t.co/mnnXbKqrT0

ğŸ‘‰ Event Link:https://t.co/99Rn4h7DI9

#Web3   #Web3Coin  #Tesla https://t.co/LlEruKhTN0",2022-04-28 20:50:47+00:00
195,jmroberge,@elonmusk with the continued advancement of Hydrogen Fuel cells â€¦ are they still â€œsillyâ€ in your mind or could you foresee a #Tesla #ModelH at some point?,2022-04-28 20:50:42+00:00
196,servicesdown_,"ğŸ”” #Tesla down?

ğŸ”— Real-time status: https://t.co/qkyV3h2k7V

ğŸ” RETWEET if you are affected too.

#TeslaDown #TeslaOutage
(Possible problems since 2022-04-28 16:50:19)",2022-04-28 20:50:20+00:00
197,Pete30B,ğŸ”¥ğŸ”¥ğŸ”¥ğŸ”¥ğŸ”¥ğŸ”¥ğŸ”¥ğŸ”¥ğŸ”¥ğŸ”¥ğŸ”¥ğŸ”¥ğŸ”¥   READ THIS AND RETWEET THE SHIT OUT OF IT!!!!!! #AMC #AMCAPES #AMCSqueeze #AMCNEVERLEAVING #AMCTheatres #AMCSqueeze #GMESQUEEZE #GME #Tesla #teslastock https://t.co/JRt0DvLqUr,2022-04-28 20:50:04+00:00
198,WhiteHaz3,@elonmusk just made my account.. really dont wanna trade in my dream car.. but i need to save money.. so getting a #Tesla is my only option.. Ive been watching your work develop for some time and i see now that buying a #Tesla is not only the right choice its the only choice https://t.co/hNK1PlWmpL,2022-04-28 20:49:50+00:00
199,JeffScott6125,ğŸ”¥ğŸ”¥ğŸ”¥ğŸ”¥ğŸ”¥ğŸ”¥ğŸ”¥ğŸ”¥ğŸ”¥ğŸ”¥ğŸ”¥ğŸ”¥ğŸ”¥   READ THIS AND RETWEET THE SHIT OUT OF IT!!!!!! #AMC #AMCAPES #AMCSqueeze #AMCNEVERLEAVING #AMCTheatres #AMCSqueeze #GMESQUEEZE #GME #Tesla #teslastock https://t.co/JRt0DvLqUr,2022-04-28 20:49:37+00:00
